amount,category_name,date,comment
575.07,Подарки,2024-06-28,Автосгенерированный расход #1
924.49,Одежда,2024-01-02,Автосгенерированный расход #2
73.08,Одежда,2024-04-12,Автосгенерированный расход #3
248.68,Здоровье,2024-10-30,Автосгенерированный расход #4
519.46,Подарки,2024-09-02,Автосгенерированный расход #5
883.93,Продукты,2024-07-30,Автосгенерированный расход #6
354.8,Образование,2024-05-17,Автосгенерированный расход #7
241.71,Здоровье,2024-12-15,Автосгенерированный расход #8
960.09,Развлечения,2024-12-12,Автосгенерированный расход #9
15.37,Транспорт,2024-08-21,Автосгенерированный расход #10
641.93,Продукты,2024-10-22,Автосгенерированный расход #11
244.19,Здоровье,2024-09-01,Автосгенерированный расход #12
933.94,Продукты,2024-06-16,Автосгенерированный расход #13
746.5,Продукты,2024-10-23,Автосгенерированный расход #14
861.06,Развлечения,2024-05-17,Автосгенерированный расход #15
781.7,Подарки,2024-02-24,Автосгенерированный расход #16
480.43,Образование,2024-05-07,Автосгенерированный расход #17
418.68,Развлечения,2024-08-24,Автосгенерированный расход #18
331.31,Развлечения,2024-10-17,Автосгенерированный расход #19
194.16,Одежда,2024-08-06,Автосгенерированный расход #20
512.8,Здоровье,2024-09-29,Автосгенерированный расход #21
486.18,Одежда,2024-02-07,Автосгенерированный расход #22
560.62,Продукты,2024-11-23,Автосгенерированный расход #23
386.57,Продукты,2024-08-15,Автосгенерированный расход #24
343.17,Развлечения,2024-09-21,Автосгенерированный расход #25
663.5,Продукты,2024-05-10,Автосгенерированный расход #26
225.37,Одежда,2024-09-17,Автосгенерированный расход #27
549.03,Продукты,2024-10-06,Автосгенерированный расход #28
282.88,Образование,2024-03-05,Автосгенерированный расход #29
549.69,Транспорт,2024-07-20,Автосгенерированный расход #30
835.18,Развлечения,2024-07-24,Автосгенерированный расход #31
85.02,Здоровье,2024-07-18,Автосгенерированный расход #32
217.78,Развлечения,2024-08-04,Автосгенерированный расход #33
581.95,Продукты,2024-05-31,Автосгенерированный расход #34
656.59,Одежда,2024-05-05,Автосгенерированный расход #35
752.29,Транспорт,2024-09-15,Автосгенерированный расход #36
962.92,Одежда,2024-11-08,Автосгенерированный расход #37
865.66,Одежда,2024-01-03,Автосгенерированный расход #38
934.0,Образование,2024-07-18,Автосгенерированный расход #39
358.51,Здоровье,2024-08-18,Автосгенерированный расход #40
720.65,Образование,2024-09-17,Автосгенерированный расход #41
577.34,Здоровье,2024-09-19,Автосгенерированный расход #42
271.57,Образование,2024-07-17,Автосгенерированный расход #43
198.79,Продукты,2024-11-13,Автосгенерированный расход #44
516.24,Продукты,2024-03-02,Автосгенерированный расход #45
750.79,Развлечения,2024-08-31,Автосгенерированный расход #46
734.02,Образование,2024-10-27,Автосгенерированный расход #47
462.33,Образование,2024-02-11,Автосгенерированный расход #48
676.11,Образование,2024-03-14,Автосгенерированный расход #49
108.48,Подарки,2024-06-05,Автосгенерированный расход #50
289.91,Развлечения,2024-04-20,Автосгенерированный расход #51
136.09,Продукты,2024-04-19,Автосгенерированный расход #52
922.99,Транспорт,2024-12-31,Автосгенерированный расход #53
304.22,Подарки,2024-07-26,Автосгенерированный расход #54
781.78,Подарки,2024-12-12,Автосгенерированный расход #55
391.59,Одежда,2024-08-28,Автосгенерированный расход #56
95.39,Развлечения,2024-09-02,Автосгенерированный расход #57
368.54,Здоровье,2024-05-31,Автосгенерированный расход #58
311.67,Образование,2024-01-12,Автосгенерированный расход #59
489.77,Транспорт,2024-06-17,Автосгенерированный расход #60
651.28,Подарки,2024-08-31,Автосгенерированный расход #61
180.59,Одежда,2024-01-02,Автосгенерированный расход #62
299.4,Развлечения,2024-04-13,Автосгенерированный расход #63
319.45,Здоровье,2024-03-23,Автосгенерированный расход #64
895.11,Развлечения,2024-02-26,Автосгенерированный расход #65
781.17,Продукты,2024-03-03,Автосгенерированный расход #66
383.47,Продукты,2024-10-13,Автосгенерированный расход #67
623.86,Транспорт,2024-05-25,Автосгенерированный расход #68
886.89,Подарки,2024-01-04,Автосгенерированный расход #69
859.59,Образование,2024-12-06,Автосгенерированный расход #70
434.36,Развлечения,2024-04-27,Автосгенерированный расход #71
861.46,Продукты,2024-11-18,Автосгенерированный расход #72
546.18,Развлечения,2024-05-05,Автосгенерированный расход #73
681.67,Транспорт,2024-09-28,Автосгенерированный расход #74
300.63,Здоровье,2024-10-05,Автосгенерированный расход #75
964.06,Одежда,2024-05-26,Автосгенерированный расход #76
457.78,Подарки,2024-07-07,Автосгенерированный расход #77
536.19,Одежда,2024-05-28,Автосгенерированный расход #78
190.4,Продукты,2024-10-16,Автосгенерированный расход #79
971.53,Транспорт,2024-05-02,Автосгенерированный расход #80
222.75,Одежда,2024-01-27,Автосгенерированный расход #81
234.03,Подарки,2024-04-29,Автосгенерированный расход #82
445.01,Продукты,2024-04-17,Автосгенерированный расход #83
194.2,Образование,2024-12-20,Автосгенерированный расход #84
97.33,Образование,2024-05-28,Автосгенерированный расход #85
988.61,Подарки,2024-08-07,Автосгенерированный расход #86
309.17,Развлечения,2024-03-01,Автосгенерированный расход #87
364.85,Одежда,2024-10-03,Автосгенерированный расход #88
250.71,Образование,2024-02-25,Автосгенерированный расход #89
206.9,Развлечения,2024-12-22,Автосгенерированный расход #90
213.82,Развлечения,2024-09-01,Автосгенерированный расход #91
25.62,Развлечения,2024-08-24,Автосгенерированный расход #92
950.65,Образование,2024-11-12,Автосгенерированный расход #93
287.04,Образование,2024-04-07,Автосгенерированный расход #94
108.99,Продукты,2024-06-06,Автосгенерированный расход #95
623.64,Развлечения,2024-10-03,Автосгенерированный расход #96
877.56,Образование,2024-02-02,Автосгенерированный расход #97
701.83,Подарки,2024-11-27,Автосгенерированный расход #98
697.83,Здоровье,2024-02-26,Автосгенерированный расход #99
343.62,Развлечения,2024-03-20,Автосгенерированный расход #100
572.68,Транспорт,2024-12-08,Автосгенерированный расход #101
47.57,Транспорт,2024-09-22,Автосгенерированный расход #102
822.91,Транспорт,2024-01-17,Автосгенерированный расход #103
19.94,Продукты,2024-11-30,Автосгенерированный расход #104
864.54,Здоровье,2024-10-07,Автосгенерированный расход #105
547.23,Транспорт,2024-09-17,Автосгенерированный расход #106
391.93,Подарки,2024-07-18,Автосгенерированный расход #107
296.02,Подарки,2024-04-20,Автосгенерированный расход #108
313.61,Одежда,2024-09-03,Автосгенерированный расход #109
901.53,Одежда,2024-01-08,Автосгенерированный расход #110
916.42,Образование,2024-06-11,Автосгенерированный расход #111
987.72,Продукты,2024-06-28,Автосгенерированный расход #112
174.11,Подарки,2024-06-30,Автосгенерированный расход #113
791.71,Транспорт,2024-02-08,Автосгенерированный расход #114
532.17,Подарки,2024-10-03,Автосгенерированный расход #115
54.01,Подарки,2024-09-17,Автосгенерированный расход #116
332.8,Одежда,2024-09-02,Автосгенерированный расход #117
79.15,Образование,2024-04-08,Автосгенерированный расход #118
318.04,Образование,2024-11-29,Автосгенерированный расход #119
85.27,Образование,2024-11-23,Автосгенерированный расход #120
211.46,Образование,2024-10-17,Автосгенерированный расход #121
28.39,Подарки,2024-10-19,Автосгенерированный расход #122
683.66,Развлечения,2024-01-12,Автосгенерированный расход #123
555.37,Развлечения,2024-04-12,Автосгенерированный расход #124
965.93,Продукты,2024-11-07,Автосгенерированный расход #125
995.08,Одежда,2024-08-05,Автосгенерированный расход #126
578.03,Развлечения,2024-04-19,Автосгенерированный расход #127
870.71,Продукты,2024-02-22,Автосгенерированный расход #128
442.51,Транспорт,2024-09-28,Автосгенерированный расход #129
719.23,Продукты,2024-12-28,Автосгенерированный расход #130
286.27,Здоровье,2024-01-01,Автосгенерированный расход #131
197.91,Транспорт,2024-09-12,Автосгенерированный расход #132
559.3,Здоровье,2024-09-25,Автосгенерированный расход #133
744.95,Образование,2024-08-15,Автосгенерированный расход #134
974.32,Здоровье,2024-02-14,Автосгенерированный расход #135
790.57,Образование,2024-09-28,Автосгенерированный расход #136
651.26,Продукты,2024-08-15,Автосгенерированный расход #137
551.57,Одежда,2024-07-24,Автосгенерированный расход #138
589.29,Образование,2024-10-12,Автосгенерированный расход #139
285.34,Одежда,2024-11-02,Автосгенерированный расход #140
258.27,Образование,2024-04-16,Автосгенерированный расход #141
314.85,Развлечения,2024-12-01,Автосгенерированный расход #142
471.67,Развлечения,2024-08-14,Автосгенерированный расход #143
193.93,Транспорт,2024-08-26,Автосгенерированный расход #144
750.03,Развлечения,2024-04-13,Автосгенерированный расход #145
503.27,Подарки,2024-09-10,Автосгенерированный расход #146
910.41,Транспорт,2024-07-13,Автосгенерированный расход #147
606.08,Образование,2024-06-21,Автосгенерированный расход #148
451.24,Продукты,2024-11-12,Автосгенерированный расход #149
798.19,Образование,2024-05-06,Автосгенерированный расход #150
604.44,Продукты,2024-02-18,Автосгенерированный расход #151
277.9,Подарки,2024-10-01,Автосгенерированный расход #152
754.88,Развлечения,2024-08-07,Автосгенерированный расход #153
967.89,Транспорт,2024-01-21,Автосгенерированный расход #154
642.47,Здоровье,2024-05-22,Автосгенерированный расход #155
533.35,Транспорт,2024-09-30,Автосгенерированный расход #156
229.57,Транспорт,2024-03-24,Автосгенерированный расход #157
92.15,Здоровье,2024-05-19,Автосгенерированный расход #158
203.82,Продукты,2024-08-14,Автосгенерированный расход #159
798.3,Транспорт,2024-10-03,Автосгенерированный расход #160
496.56,Здоровье,2024-02-06,Автосгенерированный расход #161
58.25,Здоровье,2024-02-15,Автосгенерированный расход #162
120.6,Транспорт,2024-03-18,Автосгенерированный расход #163
684.25,Развлечения,2024-02-20,Автосгенерированный расход #164
923.1,Здоровье,2024-02-21,Автосгенерированный расход #165
167.37,Образование,2024-04-20,Автосгенерированный расход #166
222.97,Продукты,2024-11-07,Автосгенерированный расход #167
581.05,Развлечения,2024-11-28,Автосгенерированный расход #168
112.96,Здоровье,2024-02-27,Автосгенерированный расход #169
493.82,Образование,2024-09-23,Автосгенерированный расход #170
234.67,Образование,2024-10-15,Автосгенерированный расход #171
384.01,Подарки,2024-05-08,Автосгенерированный расход #172
418.01,Транспорт,2024-04-13,Автосгенерированный расход #173
822.65,Подарки,2024-03-06,Автосгенерированный расход #174
719.07,Подарки,2024-10-10,Автосгенерированный расход #175
775.13,Образование,2024-06-27,Автосгенерированный расход #176
160.97,Продукты,2024-01-23,Автосгенерированный расход #177
822.54,Образование,2024-10-31,Автосгенерированный расход #178
135.18,Продукты,2024-01-19,Автосгенерированный расход #179
580.08,Подарки,2024-07-05,Автосгенерированный расход #180
818.71,Транспорт,2024-10-29,Автосгенерированный расход #181
581.69,Подарки,2024-01-14,Автосгенерированный расход #182
499.39,Транспорт,2024-03-27,Автосгенерированный расход #183
463.1,Одежда,2024-04-21,Автосгенерированный расход #184
855.49,Подарки,2024-06-30,Автосгенерированный расход #185
939.77,Подарки,2024-09-12,Автосгенерированный расход #186
84.2,Одежда,2024-05-28,Автосгенерированный расход #187
116.11,Транспорт,2024-12-13,Автосгенерированный расход #188
265.71,Образование,2024-08-02,Автосгенерированный расход #189
904.56,Образование,2024-06-07,Автосгенерированный расход #190
864.7,Образование,2024-12-02,Автосгенерированный расход #191
254.97,Образование,2024-04-15,Автосгенерированный расход #192
839.25,Подарки,2024-05-09,Автосгенерированный расход #193
847.51,Продукты,2024-08-13,Автосгенерированный расход #194
896.76,Транспорт,2024-07-12,Автосгенерированный расход #195
48.9,Продукты,2024-03-29,Автосгенерированный расход #196
699.71,Транспорт,2024-08-09,Автосгенерированный расход #197
727.81,Образование,2024-09-19,Автосгенерированный расход #198
658.25,Подарки,2024-12-01,Автосгенерированный расход #199
495.87,Одежда,2024-05-21,Автосгенерированный расход #200
195.76,Одежда,2024-09-10,Автосгенерированный расход #201
423.63,Развлечения,2024-03-11,Автосгенерированный расход #202
515.93,Здоровье,2024-02-03,Автосгенерированный расход #203
563.76,Транспорт,2024-10-07,Автосгенерированный расход #204
558.82,Подарки,2024-09-09,Автосгенерированный расход #205
669.83,Развлечения,2024-07-10,Автосгенерированный расход #206
310.7,Образование,2024-05-30,Автосгенерированный расход #207
507.36,Продукты,2024-01-07,Автосгенерированный расход #208
346.54,Одежда,2024-07-01,Автосгенерированный расход #209
817.1,Транспорт,2024-03-15,Автосгенерированный расход #210
262.02,Развлечения,2024-10-01,Автосгенерированный расход #211
65.16,Здоровье,2024-06-19,Автосгенерированный расход #212
461.47,Подарки,2024-06-21,Автосгенерированный расход #213
477.44,Подарки,2024-03-22,Автосгенерированный расход #214
690.14,Транспорт,2024-06-10,Автосгенерированный расход #215
34.82,Здоровье,2024-04-20,Автосгенерированный расход #216
819.7,Подарки,2024-07-06,Автосгенерированный расход #217
951.38,Одежда,2024-06-12,Автосгенерированный расход #218
24.67,Здоровье,2024-06-05,Автосгенерированный расход #219
851.45,Одежда,2024-02-20,Автосгенерированный расход #220
837.57,Одежда,2024-11-22,Автосгенерированный расход #221
687.48,Подарки,2024-03-16,Автосгенерированный расход #222
757.76,Продукты,2024-12-14,Автосгенерированный расход #223
738.0,Одежда,2024-04-25,Автосгенерированный расход #224
796.26,Транспорт,2024-10-23,Автосгенерированный расход #225
270.86,Образование,2024-07-25,Автосгенерированный расход #226
899.18,Подарки,2024-10-08,Автосгенерированный расход #227
78.08,Развлечения,2024-08-26,Автосгенерированный расход #228
287.36,Одежда,2024-11-18,Автосгенерированный расход #229
357.0,Подарки,2024-07-16,Автосгенерированный расход #230
929.82,Транспорт,2024-09-22,Автосгенерированный расход #231
857.77,Продукты,2024-05-24,Автосгенерированный расход #232
251.36,Образование,2024-05-03,Автосгенерированный расход #233
200.06,Развлечения,2024-08-15,Автосгенерированный расход #234
644.12,Здоровье,2024-11-18,Автосгенерированный расход #235
784.91,Развлечения,2024-08-28,Автосгенерированный расход #236
208.34,Продукты,2024-05-11,Автосгенерированный расход #237
703.36,Здоровье,2024-04-06,Автосгенерированный расход #238
25.71,Образование,2024-04-01,Автосгенерированный расход #239
633.41,Образование,2024-11-15,Автосгенерированный расход #240
64.0,Продукты,2024-06-23,Автосгенерированный расход #241
831.27,Здоровье,2024-08-21,Автосгенерированный расход #242
765.36,Продукты,2024-11-15,Автосгенерированный расход #243
617.23,Транспорт,2024-05-24,Автосгенерированный расход #244
325.28,Транспорт,2024-02-15,Автосгенерированный расход #245
463.59,Здоровье,2024-09-27,Автосгенерированный расход #246
541.43,Образование,2024-01-17,Автосгенерированный расход #247
768.32,Транспорт,2024-03-27,Автосгенерированный расход #248
214.1,Образование,2024-04-06,Автосгенерированный расход #249
990.9,Образование,2024-09-17,Автосгенерированный расход #250
927.37,Здоровье,2024-12-26,Автосгенерированный расход #251
489.74,Одежда,2024-08-17,Автосгенерированный расход #252
608.81,Одежда,2024-07-12,Автосгенерированный расход #253
715.26,Продукты,2024-07-07,Автосгенерированный расход #254
515.76,Образование,2024-05-13,Автосгенерированный расход #255
724.78,Продукты,2024-08-27,Автосгенерированный расход #256
927.48,Здоровье,2024-03-14,Автосгенерированный расход #257
858.95,Развлечения,2024-03-13,Автосгенерированный расход #258
190.05,Транспорт,2024-04-20,Автосгенерированный расход #259
232.41,Одежда,2024-04-15,Автосгенерированный расход #260
237.82,Транспорт,2024-07-03,Автосгенерированный расход #261
706.08,Образование,2024-07-20,Автосгенерированный расход #262
295.98,Одежда,2024-12-30,Автосгенерированный расход #263
748.86,Продукты,2024-03-24,Автосгенерированный расход #264
340.03,Продукты,2024-09-03,Автосгенерированный расход #265
62.14,Одежда,2024-08-18,Автосгенерированный расход #266
853.2,Одежда,2024-05-21,Автосгенерированный расход #267
394.51,Образование,2024-04-25,Автосгенерированный расход #268
903.6,Транспорт,2024-09-18,Автосгенерированный расход #269
225.62,Продукты,2024-01-08,Автосгенерированный расход #270
257.17,Подарки,2024-05-22,Автосгенерированный расход #271
403.38,Развлечения,2024-11-17,Автосгенерированный расход #272
658.27,Подарки,2024-08-30,Автосгенерированный расход #273
889.11,Подарки,2024-04-16,Автосгенерированный расход #274
227.11,Образование,2024-07-14,Автосгенерированный расход #275
328.31,Продукты,2024-04-26,Автосгенерированный расход #276
261.66,Транспорт,2024-12-12,Автосгенерированный расход #277
98.67,Образование,2024-06-03,Автосгенерированный расход #278
934.52,Подарки,2024-11-07,Автосгенерированный расход #279
261.8,Транспорт,2024-06-11,Автосгенерированный расход #280
980.46,Одежда,2024-02-03,Автосгенерированный расход #281
658.74,Подарки,2024-04-23,Автосгенерированный расход #282
178.66,Транспорт,2024-08-26,Автосгенерированный расход #283
418.79,Образование,2024-06-23,Автосгенерированный расход #284
158.48,Одежда,2024-09-22,Автосгенерированный расход #285
564.48,Здоровье,2024-04-15,Автосгенерированный расход #286
910.72,Развлечения,2024-02-25,Автосгенерированный расход #287
362.0,Одежда,2024-01-01,Автосгенерированный расход #288
481.44,Здоровье,2024-01-10,Автосгенерированный расход #289
845.5,Одежда,2024-10-30,Автосгенерированный расход #290
126.48,Продукты,2024-09-18,Автосгенерированный расход #291
406.64,Продукты,2024-05-28,Автосгенерированный расход #292
319.31,Транспорт,2024-03-21,Автосгенерированный расход #293
862.42,Здоровье,2024-02-13,Автосгенерированный расход #294
820.6,Здоровье,2024-07-22,Автосгенерированный расход #295
19.61,Одежда,2024-04-08,Автосгенерированный расход #296
383.95,Развлечения,2024-11-02,Автосгенерированный расход #297
231.75,Подарки,2024-05-18,Автосгенерированный расход #298
703.62,Образование,2024-03-15,Автосгенерированный расход #299
977.18,Одежда,2024-10-31,Автосгенерированный расход #300
448.7,Продукты,2024-07-01,Автосгенерированный расход #301
65.88,Продукты,2024-10-20,Автосгенерированный расход #302
360.07,Развлечения,2024-02-23,Автосгенерированный расход #303
435.56,Подарки,2024-06-20,Автосгенерированный расход #304
394.87,Продукты,2024-11-14,Автосгенерированный расход #305
49.3,Развлечения,2024-09-03,Автосгенерированный расход #306
537.13,Одежда,2024-08-07,Автосгенерированный расход #307
499.93,Продукты,2024-10-01,Автосгенерированный расход #308
748.42,Подарки,2024-01-21,Автосгенерированный расход #309
129.9,Развлечения,2024-10-26,Автосгенерированный расход #310
863.48,Подарки,2024-03-27,Автосгенерированный расход #311
456.22,Образование,2024-08-08,Автосгенерированный расход #312
234.17,Продукты,2024-09-14,Автосгенерированный расход #313
134.19,Образование,2024-04-02,Автосгенерированный расход #314
130.27,Образование,2024-12-29,Автосгенерированный расход #315
233.9,Одежда,2024-05-24,Автосгенерированный расход #316
688.84,Продукты,2024-06-19,Автосгенерированный расход #317
891.57,Одежда,2024-11-15,Автосгенерированный расход #318
873.2,Здоровье,2024-05-22,Автосгенерированный расход #319
503.83,Здоровье,2024-08-18,Автосгенерированный расход #320
113.35,Подарки,2024-12-20,Автосгенерированный расход #321
308.04,Подарки,2024-02-10,Автосгенерированный расход #322
281.54,Развлечения,2024-09-29,Автосгенерированный расход #323
434.26,Одежда,2024-05-12,Автосгенерированный расход #324
170.66,Образование,2024-07-27,Автосгенерированный расход #325
208.83,Одежда,2024-07-24,Автосгенерированный расход #326
808.58,Транспорт,2024-10-09,Автосгенерированный расход #327
401.34,Транспорт,2024-06-08,Автосгенерированный расход #328
427.04,Транспорт,2024-11-24,Автосгенерированный расход #329
470.23,Развлечения,2024-09-20,Автосгенерированный расход #330
842.0,Развлечения,2024-09-23,Автосгенерированный расход #331
940.52,Одежда,2024-07-09,Автосгенерированный расход #332
508.22,Одежда,2024-09-05,Автосгенерированный расход #333
342.27,Одежда,2024-05-18,Автосгенерированный расход #334
50.15,Транспорт,2024-03-30,Автосгенерированный расход #335
594.3,Продукты,2024-10-16,Автосгенерированный расход #336
136.41,Продукты,2024-06-18,Автосгенерированный расход #337
681.01,Одежда,2024-09-16,Автосгенерированный расход #338
224.76,Образование,2024-08-21,Автосгенерированный расход #339
865.77,Одежда,2024-11-20,Автосгенерированный расход #340
573.23,Подарки,2024-03-04,Автосгенерированный расход #341
598.01,Транспорт,2024-07-08,Автосгенерированный расход #342
454.63,Образование,2024-12-22,Автосгенерированный расход #343
837.58,Одежда,2024-10-13,Автосгенерированный расход #344
217.6,Одежда,2024-08-25,Автосгенерированный расход #345
204.64,Одежда,2024-01-21,Автосгенерированный расход #346
840.29,Здоровье,2024-05-28,Автосгенерированный расход #347
977.57,Одежда,2024-03-23,Автосгенерированный расход #348
775.62,Подарки,2024-12-31,Автосгенерированный расход #349
175.79,Одежда,2024-10-01,Автосгенерированный расход #350
893.93,Образование,2024-04-18,Автосгенерированный расход #351
679.13,Развлечения,2024-06-20,Автосгенерированный расход #352
842.88,Здоровье,2024-09-11,Автосгенерированный расход #353
353.95,Здоровье,2024-11-30,Автосгенерированный расход #354
573.19,Развлечения,2024-12-06,Автосгенерированный расход #355
578.77,Образование,2024-11-08,Автосгенерированный расход #356
797.31,Транспорт,2024-07-12,Автосгенерированный расход #357
441.21,Подарки,2024-12-19,Автосгенерированный расход #358
69.13,Образование,2024-01-05,Автосгенерированный расход #359
949.67,Подарки,2024-07-13,Автосгенерированный расход #360
972.65,Продукты,2024-05-10,Автосгенерированный расход #361
675.36,Транспорт,2024-03-06,Автосгенерированный расход #362
829.68,Подарки,2024-08-28,Автосгенерированный расход #363
819.51,Образование,2024-03-11,Автосгенерированный расход #364
106.07,Продукты,2024-08-10,Автосгенерированный расход #365
988.75,Одежда,2024-08-19,Автосгенерированный расход #366
193.75,Здоровье,2024-01-26,Автосгенерированный расход #367
406.66,Транспорт,2024-03-09,Автосгенерированный расход #368
278.62,Продукты,2024-03-07,Автосгенерированный расход #369
253.93,Образование,2024-07-01,Автосгенерированный расход #370
762.34,Образование,2024-01-11,Автосгенерированный расход #371
993.36,Образование,2024-09-04,Автосгенерированный расход #372
557.97,Подарки,2024-01-20,Автосгенерированный расход #373
851.99,Образование,2024-03-06,Автосгенерированный расход #374
665.92,Здоровье,2024-07-27,Автосгенерированный расход #375
823.0,Одежда,2024-06-01,Автосгенерированный расход #376
737.68,Одежда,2024-08-04,Автосгенерированный расход #377
525.14,Одежда,2024-07-29,Автосгенерированный расход #378
392.1,Развлечения,2024-07-01,Автосгенерированный расход #379
879.88,Здоровье,2024-12-19,Автосгенерированный расход #380
543.97,Подарки,2024-08-05,Автосгенерированный расход #381
516.86,Подарки,2024-08-29,Автосгенерированный расход #382
800.16,Одежда,2024-11-09,Автосгенерированный расход #383
749.64,Развлечения,2024-07-09,Автосгенерированный расход #384
497.45,Развлечения,2024-06-18,Автосгенерированный расход #385
22.4,Развлечения,2024-03-25,Автосгенерированный расход #386
958.73,Образование,2024-03-28,Автосгенерированный расход #387
364.28,Развлечения,2024-11-06,Автосгенерированный расход #388
794.1,Одежда,2024-08-25,Автосгенерированный расход #389
164.84,Одежда,2024-09-29,Автосгенерированный расход #390
974.23,Одежда,2024-12-11,Автосгенерированный расход #391
403.39,Подарки,2024-01-12,Автосгенерированный расход #392
869.76,Развлечения,2024-02-17,Автосгенерированный расход #393
599.32,Здоровье,2024-10-14,Автосгенерированный расход #394
250.2,Здоровье,2024-09-08,Автосгенерированный расход #395
707.83,Развлечения,2024-09-23,Автосгенерированный расход #396
201.3,Транспорт,2024-03-18,Автосгенерированный расход #397
392.8,Одежда,2024-11-05,Автосгенерированный расход #398
660.25,Подарки,2024-09-22,Автосгенерированный расход #399
954.79,Подарки,2024-06-03,Автосгенерированный расход #400
770.03,Продукты,2024-07-05,Автосгенерированный расход #401
618.71,Образование,2024-03-31,Автосгенерированный расход #402
465.86,Транспорт,2024-02-06,Автосгенерированный расход #403
359.34,Одежда,2024-10-31,Автосгенерированный расход #404
587.59,Образование,2024-05-10,Автосгенерированный расход #405
178.03,Транспорт,2024-01-17,Автосгенерированный расход #406
782.4,Подарки,2024-07-20,Автосгенерированный расход #407
751.92,Транспорт,2024-08-25,Автосгенерированный расход #408
867.44,Одежда,2024-02-16,Автосгенерированный расход #409
821.08,Здоровье,2024-02-24,Автосгенерированный расход #410
874.85,Продукты,2024-06-14,Автосгенерированный расход #411
314.61,Транспорт,2024-12-05,Автосгенерированный расход #412
676.84,Развлечения,2024-10-26,Автосгенерированный расход #413
251.39,Одежда,2024-07-26,Автосгенерированный расход #414
562.05,Подарки,2024-08-12,Автосгенерированный расход #415
409.65,Развлечения,2024-07-06,Автосгенерированный расход #416
530.0,Подарки,2024-12-10,Автосгенерированный расход #417
470.34,Образование,2024-02-04,Автосгенерированный расход #418
435.8,Подарки,2024-04-08,Автосгенерированный расход #419
124.07,Здоровье,2024-08-15,Автосгенерированный расход #420
733.81,Образование,2024-10-24,Автосгенерированный расход #421
117.22,Образование,2024-07-01,Автосгенерированный расход #422
359.62,Одежда,2024-02-21,Автосгенерированный расход #423
44.25,Здоровье,2024-09-08,Автосгенерированный расход #424
245.75,Образование,2024-01-13,Автосгенерированный расход #425
934.58,Здоровье,2024-05-20,Автосгенерированный расход #426
655.73,Одежда,2024-08-06,Автосгенерированный расход #427
628.66,Подарки,2024-06-29,Автосгенерированный расход #428
691.73,Одежда,2024-02-22,Автосгенерированный расход #429
490.57,Продукты,2024-11-21,Автосгенерированный расход #430
923.62,Одежда,2024-09-13,Автосгенерированный расход #431
246.94,Продукты,2024-08-16,Автосгенерированный расход #432
475.94,Развлечения,2024-10-12,Автосгенерированный расход #433
664.12,Образование,2024-12-04,Автосгенерированный расход #434
407.69,Продукты,2024-12-19,Автосгенерированный расход #435
949.83,Развлечения,2024-12-22,Автосгенерированный расход #436
701.25,Подарки,2024-12-10,Автосгенерированный расход #437
836.04,Одежда,2024-01-11,Автосгенерированный расход #438
461.69,Развлечения,2024-03-30,Автосгенерированный расход #439
54.68,Продукты,2024-01-31,Автосгенерированный расход #440
380.88,Одежда,2024-11-17,Автосгенерированный расход #441
541.66,Здоровье,2024-08-30,Автосгенерированный расход #442
362.67,Здоровье,2024-08-25,Автосгенерированный расход #443
71.9,Одежда,2024-11-02,Автосгенерированный расход #444
689.72,Продукты,2024-03-19,Автосгенерированный расход #445
208.18,Транспорт,2024-01-04,Автосгенерированный расход #446
465.33,Транспорт,2024-03-22,Автосгенерированный расход #447
662.56,Развлечения,2024-12-04,Автосгенерированный расход #448
808.47,Развлечения,2024-07-02,Автосгенерированный расход #449
101.18,Продукты,2024-03-30,Автосгенерированный расход #450
692.74,Образование,2024-12-20,Автосгенерированный расход #451
523.11,Здоровье,2024-09-04,Автосгенерированный расход #452
668.48,Транспорт,2024-06-11,Автосгенерированный расход #453
575.65,Подарки,2024-02-15,Автосгенерированный расход #454
81.61,Образование,2024-09-01,Автосгенерированный расход #455
378.97,Продукты,2024-07-18,Автосгенерированный расход #456
367.46,Одежда,2024-03-20,Автосгенерированный расход #457
24.52,Подарки,2024-09-21,Автосгенерированный расход #458
194.34,Развлечения,2024-04-27,Автосгенерированный расход #459
451.69,Продукты,2024-09-02,Автосгенерированный расход #460
561.46,Продукты,2024-08-07,Автосгенерированный расход #461
284.49,Развлечения,2024-04-19,Автосгенерированный расход #462
310.96,Транспорт,2024-02-06,Автосгенерированный расход #463
918.9,Здоровье,2024-07-26,Автосгенерированный расход #464
330.11,Образование,2024-01-19,Автосгенерированный расход #465
884.94,Подарки,2024-09-22,Автосгенерированный расход #466
27.91,Развлечения,2024-12-19,Автосгенерированный расход #467
244.43,Здоровье,2024-10-10,Автосгенерированный расход #468
228.91,Одежда,2024-05-25,Автосгенерированный расход #469
964.52,Транспорт,2024-07-20,Автосгенерированный расход #470
864.41,Продукты,2024-06-18,Автосгенерированный расход #471
655.28,Одежда,2024-03-10,Автосгенерированный расход #472
494.76,Развлечения,2024-10-29,Автосгенерированный расход #473
567.52,Здоровье,2024-09-24,Автосгенерированный расход #474
564.33,Здоровье,2024-05-27,Автосгенерированный расход #475
434.13,Транспорт,2024-01-16,Автосгенерированный расход #476
61.3,Подарки,2024-04-11,Автосгенерированный расход #477
264.64,Здоровье,2024-01-12,Автосгенерированный расход #478
19.37,Одежда,2024-05-03,Автосгенерированный расход #479
557.39,Образование,2024-02-08,Автосгенерированный расход #480
260.77,Развлечения,2024-03-26,Автосгенерированный расход #481
772.94,Продукты,2024-04-13,Автосгенерированный расход #482
992.47,Образование,2024-11-28,Автосгенерированный расход #483
127.29,Подарки,2024-07-18,Автосгенерированный расход #484
435.69,Здоровье,2024-04-02,Автосгенерированный расход #485
131.26,Продукты,2024-10-27,Автосгенерированный расход #486
785.57,Одежда,2024-03-08,Автосгенерированный расход #487
786.24,Продукты,2024-11-11,Автосгенерированный расход #488
995.18,Продукты,2024-09-11,Автосгенерированный расход #489
926.82,Образование,2024-12-20,Автосгенерированный расход #490
543.44,Продукты,2024-02-14,Автосгенерированный расход #491
217.64,Здоровье,2024-12-20,Автосгенерированный расход #492
277.2,Здоровье,2024-03-12,Автосгенерированный расход #493
867.12,Продукты,2024-06-14,Автосгенерированный расход #494
101.86,Здоровье,2024-12-30,Автосгенерированный расход #495
499.01,Здоровье,2024-03-20,Автосгенерированный расход #496
644.9,Образование,2024-04-26,Автосгенерированный расход #497
470.09,Здоровье,2024-08-12,Автосгенерированный расход #498
576.07,Одежда,2024-02-05,Автосгенерированный расход #499
996.1,Образование,2024-04-21,Автосгенерированный расход #500
520.45,Развлечения,2024-06-28,Автосгенерированный расход #501
543.71,Одежда,2024-09-11,Автосгенерированный расход #502
13.78,Одежда,2024-03-03,Автосгенерированный расход #503
724.13,Продукты,2024-10-20,Автосгенерированный расход #504
910.98,Транспорт,2024-01-28,Автосгенерированный расход #505
299.52,Транспорт,2024-03-01,Автосгенерированный расход #506
688.96,Образование,2024-10-17,Автосгенерированный расход #507
512.12,Продукты,2024-09-29,Автосгенерированный расход #508
937.08,Продукты,2024-12-08,Автосгенерированный расход #509
226.63,Образование,2024-10-07,Автосгенерированный расход #510
899.63,Образование,2024-01-29,Автосгенерированный расход #511
326.02,Развлечения,2024-07-22,Автосгенерированный расход #512
176.5,Продукты,2024-03-12,Автосгенерированный расход #513
517.76,Образование,2024-08-06,Автосгенерированный расход #514
703.37,Образование,2024-02-24,Автосгенерированный расход #515
468.03,Развлечения,2024-03-20,Автосгенерированный расход #516
596.23,Развлечения,2024-07-23,Автосгенерированный расход #517
493.55,Подарки,2024-05-27,Автосгенерированный расход #518
263.27,Подарки,2024-03-05,Автосгенерированный расход #519
487.27,Продукты,2024-10-24,Автосгенерированный расход #520
171.43,Образование,2024-10-21,Автосгенерированный расход #521
681.5,Развлечения,2024-10-23,Автосгенерированный расход #522
89.36,Продукты,2024-03-30,Автосгенерированный расход #523
852.99,Подарки,2024-10-07,Автосгенерированный расход #524
321.45,Образование,2024-06-18,Автосгенерированный расход #525
336.19,Здоровье,2024-04-22,Автосгенерированный расход #526
597.7,Транспорт,2024-09-28,Автосгенерированный расход #527
912.45,Транспорт,2024-02-04,Автосгенерированный расход #528
20.04,Развлечения,2024-05-04,Автосгенерированный расход #529
104.97,Продукты,2024-06-28,Автосгенерированный расход #530
55.19,Образование,2024-09-30,Автосгенерированный расход #531
482.98,Продукты,2024-09-06,Автосгенерированный расход #532
587.32,Развлечения,2024-12-08,Автосгенерированный расход #533
555.54,Продукты,2024-01-06,Автосгенерированный расход #534
294.47,Продукты,2024-12-31,Автосгенерированный расход #535
47.89,Подарки,2024-09-27,Автосгенерированный расход #536
596.74,Продукты,2024-07-25,Автосгенерированный расход #537
388.17,Развлечения,2024-04-23,Автосгенерированный расход #538
111.85,Подарки,2024-02-18,Автосгенерированный расход #539
376.02,Образование,2024-06-03,Автосгенерированный расход #540
817.95,Одежда,2024-02-28,Автосгенерированный расход #541
437.19,Подарки,2024-03-28,Автосгенерированный расход #542
373.94,Одежда,2024-03-11,Автосгенерированный расход #543
314.08,Подарки,2024-03-31,Автосгенерированный расход #544
234.97,Продукты,2024-02-24,Автосгенерированный расход #545
168.61,Продукты,2024-01-18,Автосгенерированный расход #546
764.22,Продукты,2024-08-06,Автосгенерированный расход #547
454.11,Транспорт,2024-05-21,Автосгенерированный расход #548
605.24,Продукты,2024-04-07,Автосгенерированный расход #549
512.33,Развлечения,2024-06-19,Автосгенерированный расход #550
313.93,Одежда,2024-08-19,Автосгенерированный расход #551
203.25,Транспорт,2024-08-28,Автосгенерированный расход #552
240.56,Подарки,2024-11-27,Автосгенерированный расход #553
535.17,Развлечения,2024-11-18,Автосгенерированный расход #554
498.47,Здоровье,2024-05-12,Автосгенерированный расход #555
75.37,Транспорт,2024-06-11,Автосгенерированный расход #556
583.9,Образование,2024-11-27,Автосгенерированный расход #557
867.26,Здоровье,2024-02-14,Автосгенерированный расход #558
88.72,Подарки,2024-02-08,Автосгенерированный расход #559
299.45,Образование,2024-05-10,Автосгенерированный расход #560
919.22,Здоровье,2024-02-07,Автосгенерированный расход #561
522.55,Одежда,2024-12-01,Автосгенерированный расход #562
198.27,Образование,2024-10-20,Автосгенерированный расход #563
853.33,Подарки,2024-05-09,Автосгенерированный расход #564
482.12,Транспорт,2024-06-04,Автосгенерированный расход #565
832.73,Одежда,2024-12-21,Автосгенерированный расход #566
357.63,Одежда,2024-10-12,Автосгенерированный расход #567
570.37,Продукты,2024-03-15,Автосгенерированный расход #568
409.08,Развлечения,2024-02-09,Автосгенерированный расход #569
333.91,Подарки,2024-02-15,Автосгенерированный расход #570
397.31,Образование,2024-12-31,Автосгенерированный расход #571
882.33,Одежда,2024-03-29,Автосгенерированный расход #572
239.27,Транспорт,2024-09-22,Автосгенерированный расход #573
30.54,Одежда,2024-09-26,Автосгенерированный расход #574
243.67,Транспорт,2024-05-24,Автосгенерированный расход #575
827.62,Образование,2024-06-14,Автосгенерированный расход #576
61.13,Подарки,2024-03-27,Автосгенерированный расход #577
658.82,Образование,2024-10-30,Автосгенерированный расход #578
732.06,Продукты,2024-12-20,Автосгенерированный расход #579
398.75,Подарки,2024-04-23,Автосгенерированный расход #580
746.69,Транспорт,2024-02-20,Автосгенерированный расход #581
597.25,Подарки,2024-03-14,Автосгенерированный расход #582
961.36,Подарки,2024-11-16,Автосгенерированный расход #583
615.65,Подарки,2024-07-16,Автосгенерированный расход #584
764.46,Продукты,2024-07-14,Автосгенерированный расход #585
550.38,Продукты,2024-05-20,Автосгенерированный расход #586
512.17,Здоровье,2024-08-11,Автосгенерированный расход #587
417.51,Одежда,2024-01-17,Автосгенерированный расход #588
538.47,Транспорт,2024-10-14,Автосгенерированный расход #589
35.9,Одежда,2024-11-12,Автосгенерированный расход #590
296.95,Транспорт,2024-01-13,Автосгенерированный расход #591
47.03,Развлечения,2024-08-26,Автосгенерированный расход #592
135.02,Образование,2024-03-01,Автосгенерированный расход #593
201.24,Развлечения,2024-10-13,Автосгенерированный расход #594
994.19,Продукты,2024-07-22,Автосгенерированный расход #595
566.42,Образование,2024-09-02,Автосгенерированный расход #596
425.75,Здоровье,2024-12-03,Автосгенерированный расход #597
156.44,Здоровье,2024-10-09,Автосгенерированный расход #598
251.43,Развлечения,2024-06-01,Автосгенерированный расход #599
818.61,Здоровье,2024-01-29,Автосгенерированный расход #600
12.0,Одежда,2024-12-25,Автосгенерированный расход #601
700.08,Развлечения,2024-03-15,Автосгенерированный расход #602
28.66,Здоровье,2024-02-27,Автосгенерированный расход #603
253.58,Образование,2024-02-10,Автосгенерированный расход #604
29.22,Развлечения,2024-09-04,Автосгенерированный расход #605
837.5,Одежда,2024-07-25,Автосгенерированный расход #606
579.8,Образование,2024-05-28,Автосгенерированный расход #607
638.6,Здоровье,2024-12-30,Автосгенерированный расход #608
365.06,Транспорт,2024-04-02,Автосгенерированный расход #609
932.62,Продукты,2024-05-14,Автосгенерированный расход #610
842.78,Одежда,2024-11-23,Автосгенерированный расход #611
710.61,Образование,2024-05-05,Автосгенерированный расход #612
314.01,Транспорт,2024-08-04,Автосгенерированный расход #613
496.4,Образование,2024-11-21,Автосгенерированный расход #614
610.69,Развлечения,2024-04-27,Автосгенерированный расход #615
577.54,Одежда,2024-08-23,Автосгенерированный расход #616
961.88,Здоровье,2024-09-28,Автосгенерированный расход #617
211.73,Одежда,2024-04-09,Автосгенерированный расход #618
44.82,Здоровье,2024-09-12,Автосгенерированный расход #619
333.53,Развлечения,2024-11-15,Автосгенерированный расход #620
653.93,Транспорт,2024-07-09,Автосгенерированный расход #621
980.81,Здоровье,2024-02-22,Автосгенерированный расход #622
663.21,Здоровье,2024-12-24,Автосгенерированный расход #623
52.07,Здоровье,2024-04-10,Автосгенерированный расход #624
18.19,Образование,2024-06-26,Автосгенерированный расход #625
45.53,Транспорт,2024-07-20,Автосгенерированный расход #626
734.36,Развлечения,2024-10-22,Автосгенерированный расход #627
226.48,Одежда,2024-02-06,Автосгенерированный расход #628
501.94,Образование,2024-10-27,Автосгенерированный расход #629
500.73,Подарки,2024-01-08,Автосгенерированный расход #630
326.29,Продукты,2024-09-03,Автосгенерированный расход #631
793.72,Подарки,2024-03-23,Автосгенерированный расход #632
524.75,Транспорт,2024-09-29,Автосгенерированный расход #633
558.24,Развлечения,2024-01-12,Автосгенерированный расход #634
884.06,Здоровье,2024-03-25,Автосгенерированный расход #635
295.77,Подарки,2024-08-11,Автосгенерированный расход #636
409.82,Продукты,2024-06-27,Автосгенерированный расход #637
302.51,Здоровье,2024-06-02,Автосгенерированный расход #638
613.18,Развлечения,2024-01-21,Автосгенерированный расход #639
491.24,Подарки,2024-09-11,Автосгенерированный расход #640
344.05,Одежда,2024-02-06,Автосгенерированный расход #641
652.77,Развлечения,2024-12-09,Автосгенерированный расход #642
752.61,Подарки,2024-01-03,Автосгенерированный расход #643
158.49,Образование,2024-03-26,Автосгенерированный расход #644
88.61,Подарки,2024-05-13,Автосгенерированный расход #645
404.35,Продукты,2024-08-08,Автосгенерированный расход #646
176.09,Подарки,2024-09-17,Автосгенерированный расход #647
66.85,Образование,2024-01-27,Автосгенерированный расход #648
884.25,Подарки,2024-03-29,Автосгенерированный расход #649
780.23,Развлечения,2024-03-10,Автосгенерированный расход #650
281.99,Образование,2024-04-29,Автосгенерированный расход #651
835.39,Продукты,2024-08-12,Автосгенерированный расход #652
411.92,Одежда,2024-06-17,Автосгенерированный расход #653
314.1,Транспорт,2024-06-23,Автосгенерированный расход #654
179.08,Подарки,2024-01-30,Автосгенерированный расход #655
490.16,Развлечения,2024-09-05,Автосгенерированный расход #656
416.65,Подарки,2024-02-24,Автосгенерированный расход #657
510.19,Образование,2024-03-21,Автосгенерированный расход #658
949.33,Развлечения,2024-09-21,Автосгенерированный расход #659
389.86,Развлечения,2024-04-28,Автосгенерированный расход #660
228.01,Образование,2024-07-08,Автосгенерированный расход #661
303.14,Развлечения,2024-10-29,Автосгенерированный расход #662
693.37,Продукты,2024-10-22,Автосгенерированный расход #663
658.32,Одежда,2024-09-19,Автосгенерированный расход #664
347.8,Подарки,2024-01-26,Автосгенерированный расход #665
164.26,Развлечения,2024-06-18,Автосгенерированный расход #666
143.58,Здоровье,2024-09-06,Автосгенерированный расход #667
428.74,Подарки,2024-10-07,Автосгенерированный расход #668
955.64,Подарки,2024-10-30,Автосгенерированный расход #669
627.33,Транспорт,2024-08-05,Автосгенерированный расход #670
632.63,Транспорт,2024-01-27,Автосгенерированный расход #671
205.73,Продукты,2024-01-13,Автосгенерированный расход #672
292.73,Транспорт,2024-05-21,Автосгенерированный расход #673
261.9,Транспорт,2024-10-27,Автосгенерированный расход #674
16.83,Транспорт,2024-05-14,Автосгенерированный расход #675
858.73,Подарки,2024-05-08,Автосгенерированный расход #676
520.5,Транспорт,2024-02-12,Автосгенерированный расход #677
350.88,Образование,2024-03-07,Автосгенерированный расход #678
78.98,Транспорт,2024-11-10,Автосгенерированный расход #679
566.92,Развлечения,2024-02-29,Автосгенерированный расход #680
315.69,Транспорт,2024-10-27,Автосгенерированный расход #681
154.25,Развлечения,2024-04-08,Автосгенерированный расход #682
765.09,Одежда,2024-04-06,Автосгенерированный расход #683
253.33,Образование,2024-02-23,Автосгенерированный расход #684
907.56,Транспорт,2024-07-20,Автосгенерированный расход #685
147.28,Подарки,2024-02-21,Автосгенерированный расход #686
41.9,Продукты,2024-02-11,Автосгенерированный расход #687
250.87,Развлечения,2024-04-07,Автосгенерированный расход #688
265.43,Транспорт,2024-12-04,Автосгенерированный расход #689
180.71,Развлечения,2024-10-27,Автосгенерированный расход #690
495.74,Транспорт,2024-03-17,Автосгенерированный расход #691
78.57,Продукты,2024-04-23,Автосгенерированный расход #692
415.6,Образование,2024-08-27,Автосгенерированный расход #693
641.2,Развлечения,2024-06-23,Автосгенерированный расход #694
942.44,Одежда,2024-11-11,Автосгенерированный расход #695
814.48,Подарки,2024-02-28,Автосгенерированный расход #696
474.95,Одежда,2024-09-19,Автосгенерированный расход #697
341.22,Транспорт,2024-09-29,Автосгенерированный расход #698
242.9,Продукты,2024-05-01,Автосгенерированный расход #699
454.29,Продукты,2024-06-24,Автосгенерированный расход #700
611.06,Транспорт,2024-10-24,Автосгенерированный расход #701
571.41,Продукты,2024-05-15,Автосгенерированный расход #702
771.33,Здоровье,2024-07-29,Автосгенерированный расход #703
678.82,Продукты,2024-06-17,Автосгенерированный расход #704
317.51,Развлечения,2024-11-19,Автосгенерированный расход #705
642.72,Транспорт,2024-01-18,Автосгенерированный расход #706
123.67,Транспорт,2024-07-21,Автосгенерированный расход #707
566.76,Развлечения,2024-10-29,Автосгенерированный расход #708
657.2,Образование,2024-12-05,Автосгенерированный расход #709
46.0,Развлечения,2024-10-08,Автосгенерированный расход #710
682.23,Развлечения,2024-08-30,Автосгенерированный расход #711
322.16,Развлечения,2024-02-02,Автосгенерированный расход #712
651.18,Одежда,2024-02-02,Автосгенерированный расход #713
407.44,Одежда,2024-04-02,Автосгенерированный расход #714
76.48,Образование,2024-01-23,Автосгенерированный расход #715
683.83,Развлечения,2024-08-25,Автосгенерированный расход #716
26.11,Здоровье,2024-12-18,Автосгенерированный расход #717
189.0,Образование,2024-09-15,Автосгенерированный расход #718
531.58,Одежда,2024-02-10,Автосгенерированный расход #719
346.34,Подарки,2024-08-09,Автосгенерированный расход #720
372.88,Образование,2024-05-26,Автосгенерированный расход #721
663.06,Продукты,2024-05-26,Автосгенерированный расход #722
457.44,Здоровье,2024-02-29,Автосгенерированный расход #723
434.37,Здоровье,2024-02-06,Автосгенерированный расход #724
915.3,Образование,2024-05-22,Автосгенерированный расход #725
530.93,Продукты,2024-03-31,Автосгенерированный расход #726
105.64,Образование,2024-03-05,Автосгенерированный расход #727
431.43,Здоровье,2024-01-16,Автосгенерированный расход #728
611.57,Образование,2024-11-21,Автосгенерированный расход #729
237.49,Продукты,2024-08-05,Автосгенерированный расход #730
233.1,Транспорт,2024-05-05,Автосгенерированный расход #731
999.66,Одежда,2024-08-10,Автосгенерированный расход #732
174.41,Образование,2024-06-13,Автосгенерированный расход #733
407.26,Здоровье,2024-07-01,Автосгенерированный расход #734
904.6,Одежда,2024-08-03,Автосгенерированный расход #735
13.85,Продукты,2024-01-23,Автосгенерированный расход #736
745.32,Здоровье,2024-07-11,Автосгенерированный расход #737
517.37,Подарки,2024-10-31,Автосгенерированный расход #738
133.57,Развлечения,2024-02-23,Автосгенерированный расход #739
761.91,Образование,2024-01-20,Автосгенерированный расход #740
33.64,Здоровье,2024-07-26,Автосгенерированный расход #741
305.32,Одежда,2024-01-07,Автосгенерированный расход #742
87.97,Здоровье,2024-05-06,Автосгенерированный расход #743
574.37,Здоровье,2024-02-24,Автосгенерированный расход #744
120.64,Здоровье,2024-06-23,Автосгенерированный расход #745
481.43,Развлечения,2024-05-28,Автосгенерированный расход #746
251.14,Подарки,2024-09-07,Автосгенерированный расход #747
85.46,Продукты,2024-09-30,Автосгенерированный расход #748
710.72,Здоровье,2024-05-19,Автосгенерированный расход #749
35.52,Здоровье,2024-01-20,Автосгенерированный расход #750
793.11,Здоровье,2024-03-04,Автосгенерированный расход #751
84.05,Здоровье,2024-10-23,Автосгенерированный расход #752
986.87,Подарки,2024-03-05,Автосгенерированный расход #753
784.7,Продукты,2024-11-22,Автосгенерированный расход #754
831.87,Одежда,2024-10-07,Автосгенерированный расход #755
690.98,Подарки,2024-03-09,Автосгенерированный расход #756
536.0,Транспорт,2024-11-18,Автосгенерированный расход #757
258.45,Одежда,2024-02-04,Автосгенерированный расход #758
510.63,Здоровье,2024-06-30,Автосгенерированный расход #759
635.86,Здоровье,2024-10-26,Автосгенерированный расход #760
979.96,Одежда,2024-10-08,Автосгенерированный расход #761
748.27,Транспорт,2024-01-14,Автосгенерированный расход #762
866.38,Здоровье,2024-03-26,Автосгенерированный расход #763
567.41,Подарки,2024-03-09,Автосгенерированный расход #764
332.5,Транспорт,2024-04-09,Автосгенерированный расход #765
215.56,Транспорт,2024-12-28,Автосгенерированный расход #766
643.87,Образование,2024-07-23,Автосгенерированный расход #767
533.19,Одежда,2024-04-15,Автосгенерированный расход #768
455.58,Продукты,2024-04-27,Автосгенерированный расход #769
684.01,Подарки,2024-07-31,Автосгенерированный расход #770
949.35,Образование,2024-04-19,Автосгенерированный расход #771
975.29,Здоровье,2024-04-26,Автосгенерированный расход #772
32.08,Здоровье,2024-11-05,Автосгенерированный расход #773
106.07,Развлечения,2024-09-16,Автосгенерированный расход #774
138.22,Образование,2024-06-13,Автосгенерированный расход #775
930.03,Здоровье,2024-05-02,Автосгенерированный расход #776
875.93,Подарки,2024-03-20,Автосгенерированный расход #777
520.33,Продукты,2024-07-31,Автосгенерированный расход #778
280.34,Здоровье,2024-08-06,Автосгенерированный расход #779
122.77,Образование,2024-10-04,Автосгенерированный расход #780
542.59,Продукты,2024-08-05,Автосгенерированный расход #781
571.29,Подарки,2024-03-08,Автосгенерированный расход #782
340.14,Продукты,2024-05-19,Автосгенерированный расход #783
93.54,Здоровье,2024-06-06,Автосгенерированный расход #784
791.35,Здоровье,2024-11-10,Автосгенерированный расход #785
749.41,Транспорт,2024-12-28,Автосгенерированный расход #786
414.05,Здоровье,2024-04-06,Автосгенерированный расход #787
947.89,Транспорт,2024-03-22,Автосгенерированный расход #788
195.7,Продукты,2024-10-14,Автосгенерированный расход #789
578.4,Транспорт,2024-03-17,Автосгенерированный расход #790
426.52,Подарки,2024-08-19,Автосгенерированный расход #791
812.39,Транспорт,2024-06-13,Автосгенерированный расход #792
922.36,Образование,2024-03-21,Автосгенерированный расход #793
888.62,Транспорт,2024-04-30,Автосгенерированный расход #794
453.96,Образование,2024-10-21,Автосгенерированный расход #795
23.69,Продукты,2024-11-04,Автосгенерированный расход #796
313.6,Транспорт,2024-02-25,Автосгенерированный расход #797
203.05,Транспорт,2024-10-14,Автосгенерированный расход #798
477.26,Подарки,2024-01-28,Автосгенерированный расход #799
392.92,Развлечения,2024-08-15,Автосгенерированный расход #800
796.07,Образование,2024-04-06,Автосгенерированный расход #801
848.36,Образование,2024-10-02,Автосгенерированный расход #802
243.54,Продукты,2024-08-23,Автосгенерированный расход #803
454.19,Развлечения,2024-03-07,Автосгенерированный расход #804
913.78,Образование,2024-05-15,Автосгенерированный расход #805
293.21,Транспорт,2024-12-31,Автосгенерированный расход #806
851.31,Продукты,2024-09-01,Автосгенерированный расход #807
530.37,Развлечения,2024-03-01,Автосгенерированный расход #808
403.64,Образование,2024-12-09,Автосгенерированный расход #809
875.98,Образование,2024-03-30,Автосгенерированный расход #810
961.94,Продукты,2024-09-17,Автосгенерированный расход #811
360.64,Развлечения,2024-11-23,Автосгенерированный расход #812
787.35,Одежда,2024-11-22,Автосгенерированный расход #813
518.5,Одежда,2024-10-22,Автосгенерированный расход #814
391.89,Развлечения,2024-09-26,Автосгенерированный расход #815
705.59,Здоровье,2024-03-27,Автосгенерированный расход #816
162.59,Транспорт,2024-11-03,Автосгенерированный расход #817
148.69,Одежда,2024-09-24,Автосгенерированный расход #818
933.04,Продукты,2024-05-18,Автосгенерированный расход #819
116.18,Здоровье,2024-04-07,Автосгенерированный расход #820
376.36,Здоровье,2024-11-25,Автосгенерированный расход #821
141.13,Развлечения,2024-04-06,Автосгенерированный расход #822
377.84,Образование,2024-05-07,Автосгенерированный расход #823
556.21,Образование,2024-11-28,Автосгенерированный расход #824
442.56,Продукты,2024-05-15,Автосгенерированный расход #825
108.84,Развлечения,2024-12-28,Автосгенерированный расход #826
499.36,Образование,2024-02-03,Автосгенерированный расход #827
684.7,Продукты,2024-09-03,Автосгенерированный расход #828
610.17,Транспорт,2024-11-24,Автосгенерированный расход #829
881.29,Подарки,2024-09-13,Автосгенерированный расход #830
197.42,Развлечения,2024-02-13,Автосгенерированный расход #831
778.5,Развлечения,2024-06-21,Автосгенерированный расход #832
791.63,Подарки,2024-02-13,Автосгенерированный расход #833
776.86,Продукты,2024-06-19,Автосгенерированный расход #834
250.94,Образование,2024-01-17,Автосгенерированный расход #835
674.06,Образование,2024-03-22,Автосгенерированный расход #836
851.03,Здоровье,2024-03-09,Автосгенерированный расход #837
12.02,Здоровье,2024-04-13,Автосгенерированный расход #838
774.74,Транспорт,2024-04-25,Автосгенерированный расход #839
660.13,Продукты,2024-11-12,Автосгенерированный расход #840
103.38,Здоровье,2024-12-04,Автосгенерированный расход #841
196.82,Подарки,2024-09-06,Автосгенерированный расход #842
357.28,Продукты,2024-09-12,Автосгенерированный расход #843
230.22,Продукты,2024-05-25,Автосгенерированный расход #844
499.47,Образование,2024-04-07,Автосгенерированный расход #845
130.03,Продукты,2024-07-08,Автосгенерированный расход #846
472.72,Подарки,2024-06-09,Автосгенерированный расход #847
103.49,Одежда,2024-09-21,Автосгенерированный расход #848
661.29,Продукты,2024-09-09,Автосгенерированный расход #849
650.33,Продукты,2024-08-12,Автосгенерированный расход #850
647.12,Транспорт,2024-02-26,Автосгенерированный расход #851
410.15,Одежда,2024-08-10,Автосгенерированный расход #852
767.04,Продукты,2024-09-15,Автосгенерированный расход #853
512.56,Развлечения,2024-08-30,Автосгенерированный расход #854
664.28,Подарки,2024-10-03,Автосгенерированный расход #855
180.73,Одежда,2024-08-16,Автосгенерированный расход #856
593.83,Транспорт,2024-07-28,Автосгенерированный расход #857
574.49,Образование,2024-10-05,Автосгенерированный расход #858
406.2,Образование,2024-01-30,Автосгенерированный расход #859
153.15,Развлечения,2024-09-24,Автосгенерированный расход #860
340.2,Развлечения,2024-12-19,Автосгенерированный расход #861
112.74,Образование,2024-05-09,Автосгенерированный расход #862
229.96,Продукты,2024-04-29,Автосгенерированный расход #863
970.21,Здоровье,2024-10-21,Автосгенерированный расход #864
710.86,Развлечения,2024-01-12,Автосгенерированный расход #865
82.13,Образование,2024-05-10,Автосгенерированный расход #866
559.6,Одежда,2024-08-19,Автосгенерированный расход #867
222.14,Здоровье,2024-06-20,Автосгенерированный расход #868
121.56,Развлечения,2024-09-07,Автосгенерированный расход #869
964.76,Образование,2024-02-12,Автосгенерированный расход #870
97.56,Подарки,2024-05-11,Автосгенерированный расход #871
517.77,Здоровье,2024-02-23,Автосгенерированный расход #872
353.84,Развлечения,2024-01-17,Автосгенерированный расход #873
725.5,Развлечения,2024-12-31,Автосгенерированный расход #874
419.0,Продукты,2024-06-14,Автосгенерированный расход #875
325.79,Продукты,2024-04-18,Автосгенерированный расход #876
758.03,Продукты,2024-11-11,Автосгенерированный расход #877
307.97,Подарки,2024-08-20,Автосгенерированный расход #878
463.09,Подарки,2024-07-02,Автосгенерированный расход #879
323.34,Продукты,2024-05-30,Автосгенерированный расход #880
14.48,Образование,2024-05-31,Автосгенерированный расход #881
895.27,Продукты,2024-09-07,Автосгенерированный расход #882
234.11,Образование,2024-07-02,Автосгенерированный расход #883
73.86,Образование,2024-02-12,Автосгенерированный расход #884
887.19,Подарки,2024-08-04,Автосгенерированный расход #885
810.77,Развлечения,2024-09-13,Автосгенерированный расход #886
374.36,Подарки,2024-05-24,Автосгенерированный расход #887
661.04,Продукты,2024-04-13,Автосгенерированный расход #888
537.93,Образование,2024-09-20,Автосгенерированный расход #889
875.3,Здоровье,2024-10-23,Автосгенерированный расход #890
722.37,Подарки,2024-11-27,Автосгенерированный расход #891
901.03,Транспорт,2024-08-24,Автосгенерированный расход #892
194.01,Образование,2024-03-27,Автосгенерированный расход #893
604.73,Подарки,2024-02-13,Автосгенерированный расход #894
864.18,Транспорт,2024-01-19,Автосгенерированный расход #895
874.32,Продукты,2024-05-15,Автосгенерированный расход #896
46.36,Здоровье,2024-02-25,Автосгенерированный расход #897
389.28,Одежда,2024-11-06,Автосгенерированный расход #898
614.75,Здоровье,2024-08-25,Автосгенерированный расход #899
898.56,Одежда,2024-04-25,Автосгенерированный расход #900
132.09,Транспорт,2024-12-07,Автосгенерированный расход #901
456.99,Одежда,2024-02-02,Автосгенерированный расход #902
899.51,Здоровье,2024-04-28,Автосгенерированный расход #903
893.96,Подарки,2024-07-09,Автосгенерированный расход #904
798.72,Подарки,2024-06-03,Автосгенерированный расход #905
864.98,Здоровье,2024-09-30,Автосгенерированный расход #906
699.7,Одежда,2024-01-28,Автосгенерированный расход #907
955.79,Образование,2024-01-25,Автосгенерированный расход #908
300.62,Продукты,2024-09-04,Автосгенерированный расход #909
259.16,Продукты,2024-08-30,Автосгенерированный расход #910
81.3,Подарки,2024-04-18,Автосгенерированный расход #911
116.0,Развлечения,2024-01-06,Автосгенерированный расход #912
264.48,Здоровье,2024-09-28,Автосгенерированный расход #913
429.8,Образование,2024-05-25,Автосгенерированный расход #914
384.04,Продукты,2024-12-16,Автосгенерированный расход #915
102.84,Развлечения,2024-11-12,Автосгенерированный расход #916
119.94,Здоровье,2024-02-01,Автосгенерированный расход #917
887.41,Образование,2024-06-08,Автосгенерированный расход #918
920.58,Развлечения,2024-10-20,Автосгенерированный расход #919
914.53,Подарки,2024-02-14,Автосгенерированный расход #920
174.8,Продукты,2024-11-30,Автосгенерированный расход #921
60.82,Транспорт,2024-05-07,Автосгенерированный расход #922
211.72,Развлечения,2024-02-16,Автосгенерированный расход #923
14.3,Одежда,2024-11-04,Автосгенерированный расход #924
126.94,Транспорт,2024-02-13,Автосгенерированный расход #925
543.34,Развлечения,2024-12-02,Автосгенерированный расход #926
438.54,Здоровье,2024-01-25,Автосгенерированный расход #927
549.0,Транспорт,2024-03-10,Автосгенерированный расход #928
776.54,Транспорт,2024-02-22,Автосгенерированный расход #929
936.3,Подарки,2024-07-02,Автосгенерированный расход #930
739.1,Развлечения,2024-10-24,Автосгенерированный расход #931
872.2,Одежда,2024-09-04,Автосгенерированный расход #932
530.66,Одежда,2024-09-27,Автосгенерированный расход #933
392.2,Подарки,2024-06-28,Автосгенерированный расход #934
877.0,Развлечения,2024-08-11,Автосгенерированный расход #935
181.54,Здоровье,2024-07-13,Автосгенерированный расход #936
14.37,Образование,2024-08-28,Автосгенерированный расход #937
195.68,Образование,2024-01-06,Автосгенерированный расход #938
76.47,Образование,2024-01-20,Автосгенерированный расход #939
471.06,Транспорт,2024-12-10,Автосгенерированный расход #940
561.07,Одежда,2024-12-16,Автосгенерированный расход #941
896.09,Подарки,2024-10-07,Автосгенерированный расход #942
399.19,Транспорт,2024-04-04,Автосгенерированный расход #943
823.09,Транспорт,2024-09-30,Автосгенерированный расход #944
323.62,Транспорт,2024-04-16,Автосгенерированный расход #945
736.14,Здоровье,2024-05-22,Автосгенерированный расход #946
725.97,Подарки,2024-12-08,Автосгенерированный расход #947
264.57,Одежда,2024-08-12,Автосгенерированный расход #948
257.99,Подарки,2024-02-16,Автосгенерированный расход #949
792.57,Здоровье,2024-09-20,Автосгенерированный расход #950
510.92,Продукты,2024-01-14,Автосгенерированный расход #951
123.46,Развлечения,2024-09-18,Автосгенерированный расход #952
69.4,Продукты,2024-12-11,Автосгенерированный расход #953
704.93,Продукты,2024-02-21,Автосгенерированный расход #954
343.41,Транспорт,2024-04-18,Автосгенерированный расход #955
462.36,Одежда,2024-10-17,Автосгенерированный расход #956
263.91,Здоровье,2024-11-29,Автосгенерированный расход #957
229.34,Развлечения,2024-01-17,Автосгенерированный расход #958
72.81,Здоровье,2024-02-15,Автосгенерированный расход #959
355.19,Подарки,2024-05-22,Автосгенерированный расход #960
542.81,Образование,2024-05-28,Автосгенерированный расход #961
750.24,Образование,2024-07-28,Автосгенерированный расход #962
600.0,Образование,2024-06-18,Автосгенерированный расход #963
201.94,Здоровье,2024-04-23,Автосгенерированный расход #964
366.44,Здоровье,2024-02-17,Автосгенерированный расход #965
88.33,Здоровье,2024-07-17,Автосгенерированный расход #966
610.79,Образование,2024-08-19,Автосгенерированный расход #967
492.87,Здоровье,2024-04-29,Автосгенерированный расход #968
317.82,Подарки,2024-03-23,Автосгенерированный расход #969
714.68,Образование,2024-11-18,Автосгенерированный расход #970
946.79,Здоровье,2024-10-12,Автосгенерированный расход #971
120.43,Подарки,2024-10-05,Автосгенерированный расход #972
255.23,Транспорт,2024-02-27,Автосгенерированный расход #973
306.84,Транспорт,2024-12-08,Автосгенерированный расход #974
669.42,Развлечения,2024-02-16,Автосгенерированный расход #975
230.32,Подарки,2024-02-07,Автосгенерированный расход #976
908.43,Здоровье,2024-12-30,Автосгенерированный расход #977
980.85,Продукты,2024-10-23,Автосгенерированный расход #978
383.89,Подарки,2024-06-30,Автосгенерированный расход #979
36.32,Подарки,2024-12-02,Автосгенерированный расход #980
340.16,Одежда,2024-08-30,Автосгенерированный расход #981
490.34,Образование,2024-03-26,Автосгенерированный расход #982
860.24,Одежда,2024-08-20,Автосгенерированный расход #983
930.29,Образование,2024-10-10,Автосгенерированный расход #984
312.82,Одежда,2024-02-26,Автосгенерированный расход #985
653.55,Продукты,2024-07-26,Автосгенерированный расход #986
712.52,Образование,2024-09-17,Автосгенерированный расход #987
584.93,Здоровье,2024-01-02,Автосгенерированный расход #988
593.54,Образование,2024-02-26,Автосгенерированный расход #989
513.61,Образование,2024-04-14,Автосгенерированный расход #990
87.59,Развлечения,2024-03-03,Автосгенерированный расход #991
241.63,Продукты,2024-08-02,Автосгенерированный расход #992
711.05,Транспорт,2024-04-29,Автосгенерированный расход #993
340.04,Образование,2024-03-26,Автосгенерированный расход #994
542.05,Здоровье,2024-01-15,Автосгенерированный расход #995
65.41,Подарки,2024-04-06,Автосгенерированный расход #996
746.17,Продукты,2024-04-19,Автосгенерированный расход #997
386.41,Продукты,2024-02-05,Автосгенерированный расход #998
744.94,Подарки,2024-05-16,Автосгенерированный расход #999
101.57,Подарки,2024-05-12,Автосгенерированный расход #1000
